id,provinsi_id,name,created_at,updated_at
1101,11,KABUPATEN SIMEULUE,2023-05-15 15:39:14,2023-05-15 15:39:14
1102,11,KABUPATEN ACEH SINGKIL,2023-05-15 15:39:14,2023-05-15 15:39:14
1103,11,KABUPATEN ACEH SELATAN,2023-05-15 15:39:14,2023-05-15 15:39:14
1104,11,KABUPATEN ACEH TENGGARA,2023-05-15 15:39:14,2023-05-15 15:39:14
1105,11,KABUPATEN ACEH TIMUR,2023-05-15 15:39:14,2023-05-15 15:39:14
1106,11,KABUPATEN ACEH TENGAH,2023-05-15 15:39:14,2023-05-15 15:39:14
1107,11,KABUPATEN ACEH BARAT,2023-05-15 15:39:14,2023-05-15 15:39:14
1108,11,KABUPATEN ACEH BESAR,2023-05-15 15:39:14,2023-05-15 15:39:14
1109,11,KABUPATEN PIDIE,2023-05-15 15:39:14,2023-05-15 15:39:14
1110,11,KABUPATEN BIREUEN,2023-05-15 15:39:14,2023-05-15 15:39:14
1111,11,KABUPATEN ACEH UTARA,2023-05-15 15:39:14,2023-05-15 15:39:14
1112,11,KABUPATEN ACEH BARAT DAYA,2023-05-15 15:39:14,2023-05-15 15:39:14
1113,11,KABUPATEN GAYO LUES,2023-05-15 15:39:14,2023-05-15 15:39:14
1114,11,KABUPATEN ACEH TAMIANG,2023-05-15 15:39:14,2023-05-15 15:39:14
1115,11,KABUPATEN NAGAN RAYA,2023-05-15 15:39:14,2023-05-15 15:39:14
1116,11,KABUPATEN ACEH JAYA,2023-05-15 15:39:14,2023-05-15 15:39:14
1117,11,KABUPATEN BENER MERIAH,2023-05-15 15:39:14,2023-05-15 15:39:14
1118,11,KABUPATEN PIDIE JAYA,2023-05-15 15:39:14,2023-05-15 15:39:14
1171,11,KOTA BANDA ACEH,2023-05-15 15:39:14,2023-05-15 15:39:14
1172,11,KOTA SABANG,2023-05-15 15:39:14,2023-05-15 15:39:14
1173,11,KOTA LANGSA,2023-05-15 15:39:14,2023-05-15 15:39:14
1174,11,KOTA LHOKSEUMAWE,2023-05-15 15:39:14,2023-05-15 15:39:14
1175,11,KOTA SUBULUSSALAM,2023-05-15 15:39:14,2023-05-15 15:39:14
1201,12,KABUPATEN NIAS,2023-05-15 15:39:14,2023-05-15 15:39:14
1202,12,KABUPATEN MANDAILING NATAL,2023-05-15 15:39:14,2023-05-15 15:39:14
1203,12,KABUPATEN TAPANULI SELATAN,2023-05-15 15:39:14,2023-05-15 15:39:14
1204,12,KABUPATEN TAPANULI TENGAH,2023-05-15 15:39:14,2023-05-15 15:39:14
1205,12,KABUPATEN TAPANULI UTARA,2023-05-15 15:39:14,2023-05-15 15:39:14
1206,12,KABUPATEN TOBA SAMOSIR,2023-05-15 15:39:14,2023-05-15 15:39:14
1207,12,KABUPATEN LABUHAN BATU,2023-05-15 15:39:14,2023-05-15 15:39:14
1208,12,KABUPATEN ASAHAN,2023-05-15 15:39:14,2023-05-15 15:39:14
1209,12,KABUPATEN SIMALUNGUN,2023-05-15 15:39:14,2023-05-15 15:39:14
1210,12,KABUPATEN DAIRI,2023-05-15 15:39:14,2023-05-15 15:39:14
1211,12,KABUPATEN KARO,2023-05-15 15:39:14,2023-05-15 15:39:14
1212,12,KABUPATEN DELI SERDANG,2023-05-15 15:39:14,2023-05-15 15:39:14
1213,12,KABUPATEN LANGKAT,2023-05-15 15:39:14,2023-05-15 15:39:14
1214,12,KABUPATEN NIAS SELATAN,2023-05-15 15:39:14,2023-05-15 15:39:14
1215,12,KABUPATEN HUMBANG HASUNDUTAN,2023-05-15 15:39:14,2023-05-15 15:39:14
1216,12,KABUPATEN PAKPAK BHARAT,2023-05-15 15:39:14,2023-05-15 15:39:14
1217,12,KABUPATEN SAMOSIR,2023-05-15 15:39:14,2023-05-15 15:39:14
1218,12,KABUPATEN SERDANG BEDAGAI,2023-05-15 15:39:14,2023-05-15 15:39:14
1219,12,KABUPATEN BATU BARA,2023-05-15 15:39:14,2023-05-15 15:39:14
1220,12,KABUPATEN PADANG LAWAS UTARA,2023-05-15 15:39:14,2023-05-15 15:39:14
1221,12,KABUPATEN PADANG LAWAS,2023-05-15 15:39:14,2023-05-15 15:39:14
1222,12,KABUPATEN LABUHAN BATU SELATAN,2023-05-15 15:39:14,2023-05-15 15:39:14
1223,12,KABUPATEN LABUHAN BATU UTARA,2023-05-15 15:39:14,2023-05-15 15:39:14
1224,12,KABUPATEN NIAS UTARA,2023-05-15 15:39:14,2023-05-15 15:39:14
1225,12,KABUPATEN NIAS BARAT,2023-05-15 15:39:14,2023-05-15 15:39:14
1271,12,KOTA SIBOLGA,2023-05-15 15:39:14,2023-05-15 15:39:14
1272,12,KOTA TANJUNG BALAI,2023-05-15 15:39:14,2023-05-15 15:39:14
1273,12,KOTA PEMATANG SIANTAR,2023-05-15 15:39:14,2023-05-15 15:39:14
1274,12,KOTA TEBING TINGGI,2023-05-15 15:39:14,2023-05-15 15:39:14
1275,12,KOTA MEDAN,2023-05-15 15:39:14,2023-05-15 15:39:14
1276,12,KOTA BINJAI,2023-05-15 15:39:14,2023-05-15 15:39:14
1277,12,KOTA PADANGSIDIMPUAN,2023-05-15 15:39:14,2023-05-15 15:39:14
1278,12,KOTA GUNUNGSITOLI,2023-05-15 15:39:14,2023-05-15 15:39:14
1301,13,KABUPATEN KEPULAUAN MENTAWAI,2023-05-15 15:39:14,2023-05-15 15:39:14
1302,13,KABUPATEN PESISIR SELATAN,2023-05-15 15:39:14,2023-05-15 15:39:14
1303,13,KABUPATEN SOLOK,2023-05-15 15:39:14,2023-05-15 15:39:14
1304,13,KABUPATEN SIJUNJUNG,2023-05-15 15:39:14,2023-05-15 15:39:14
1305,13,KABUPATEN TANAH DATAR,2023-05-15 15:39:14,2023-05-15 15:39:14
1306,13,KABUPATEN PADANG PARIAMAN,2023-05-15 15:39:14,2023-05-15 15:39:14
1307,13,KABUPATEN AGAM,2023-05-15 15:39:14,2023-05-15 15:39:14
1308,13,KABUPATEN LIMA PULUH KOTA,2023-05-15 15:39:14,2023-05-15 15:39:14
1309,13,KABUPATEN PASAMAN,2023-05-15 15:39:14,2023-05-15 15:39:14
1310,13,KABUPATEN SOLOK SELATAN,2023-05-15 15:39:14,2023-05-15 15:39:14
1311,13,KABUPATEN DHARMASRAYA,2023-05-15 15:39:14,2023-05-15 15:39:14
1312,13,KABUPATEN PASAMAN BARAT,2023-05-15 15:39:14,2023-05-15 15:39:14
1371,13,KOTA PADANG,2023-05-15 15:39:14,2023-05-15 15:39:14
1372,13,KOTA SOLOK,2023-05-15 15:39:14,2023-05-15 15:39:14
1373,13,KOTA SAWAH LUNTO,2023-05-15 15:39:14,2023-05-15 15:39:14
1374,13,KOTA PADANG PANJANG,2023-05-15 15:39:14,2023-05-15 15:39:14
1375,13,KOTA BUKITTINGGI,2023-05-15 15:39:14,2023-05-15 15:39:14
1376,13,KOTA PAYAKUMBUH,2023-05-15 15:39:14,2023-05-15 15:39:14
1377,13,KOTA PARIAMAN,2023-05-15 15:39:14,2023-05-15 15:39:14
1401,14,KABUPATEN KUANTAN SINGINGI,2023-05-15 15:39:14,2023-05-15 15:39:14
1402,14,KABUPATEN INDRAGIRI HULU,2023-05-15 15:39:14,2023-05-15 15:39:14
1403,14,KABUPATEN INDRAGIRI HILIR,2023-05-15 15:39:14,2023-05-15 15:39:14
1404,14,KABUPATEN PELALAWAN,2023-05-15 15:39:14,2023-05-15 15:39:14
1405,14,KABUPATEN S I A K,2023-05-15 15:39:14,2023-05-15 15:39:14
1406,14,KABUPATEN KAMPAR,2023-05-15 15:39:14,2023-05-15 15:39:14
1407,14,KABUPATEN ROKAN HULU,2023-05-15 15:39:14,2023-05-15 15:39:14
1408,14,KABUPATEN BENGKALIS,2023-05-15 15:39:14,2023-05-15 15:39:14
1409,14,KABUPATEN ROKAN HILIR,2023-05-15 15:39:14,2023-05-15 15:39:14
1410,14,KABUPATEN KEPULAUAN MERANTI,2023-05-15 15:39:14,2023-05-15 15:39:14
1471,14,KOTA PEKANBARU,2023-05-15 15:39:14,2023-05-15 15:39:14
1473,14,KOTA D U M A I,2023-05-15 15:39:14,2023-05-15 15:39:14
1501,15,KABUPATEN KERINCI,2023-05-15 15:39:14,2023-05-15 15:39:14
1502,15,KABUPATEN MERANGIN,2023-05-15 15:39:14,2023-05-15 15:39:14
1503,15,KABUPATEN SAROLANGUN,2023-05-15 15:39:14,2023-05-15 15:39:14
1504,15,KABUPATEN BATANG HARI,2023-05-15 15:39:14,2023-05-15 15:39:14
1505,15,KABUPATEN MUARO JAMBI,2023-05-15 15:39:14,2023-05-15 15:39:14
1506,15,KABUPATEN TANJUNG JABUNG TIMUR,2023-05-15 15:39:14,2023-05-15 15:39:14
1507,15,KABUPATEN TANJUNG JABUNG BARAT,2023-05-15 15:39:14,2023-05-15 15:39:14
1508,15,KABUPATEN TEBO,2023-05-15 15:39:14,2023-05-15 15:39:14
1509,15,KABUPATEN BUNGO,2023-05-15 15:39:14,2023-05-15 15:39:14
1571,15,KOTA JAMBI,2023-05-15 15:39:14,2023-05-15 15:39:14
1572,15,KOTA SUNGAI PENUH,2023-05-15 15:39:14,2023-05-15 15:39:14
1601,16,KABUPATEN OGAN KOMERING ULU,2023-05-15 15:39:14,2023-05-15 15:39:14
1602,16,KABUPATEN OGAN KOMERING ILIR,2023-05-15 15:39:14,2023-05-15 15:39:14
1603,16,KABUPATEN MUARA ENIM,2023-05-15 15:39:14,2023-05-15 15:39:14
1604,16,KABUPATEN LAHAT,2023-05-15 15:39:14,2023-05-15 15:39:14
1605,16,KABUPATEN MUSI RAWAS,2023-05-15 15:39:14,2023-05-15 15:39:14
1606,16,KABUPATEN MUSI BANYUASIN,2023-05-15 15:39:14,2023-05-15 15:39:14
1607,16,KABUPATEN BANYU ASIN,2023-05-15 15:39:14,2023-05-15 15:39:14
1608,16,KABUPATEN OGAN KOMERING ULU SELATAN,2023-05-15 15:39:14,2023-05-15 15:39:14
1609,16,KABUPATEN OGAN KOMERING ULU TIMUR,2023-05-15 15:39:14,2023-05-15 15:39:14
1610,16,KABUPATEN OGAN ILIR,2023-05-15 15:39:14,2023-05-15 15:39:14
1611,16,KABUPATEN EMPAT LAWANG,2023-05-15 15:39:14,2023-05-15 15:39:14
1612,16,KABUPATEN PENUKAL ABAB LEMATANG ILIR,2023-05-15 15:39:14,2023-05-15 15:39:14
1613,16,KABUPATEN MUSI RAWAS UTARA,2023-05-15 15:39:14,2023-05-15 15:39:14
1671,16,KOTA PALEMBANG,2023-05-15 15:39:14,2023-05-15 15:39:14
1672,16,KOTA PRABUMULIH,2023-05-15 15:39:14,2023-05-15 15:39:14
1673,16,KOTA PAGAR ALAM,2023-05-15 15:39:14,2023-05-15 15:39:14
1674,16,KOTA LUBUKLINGGAU,2023-05-15 15:39:14,2023-05-15 15:39:14
1701,17,KABUPATEN BENGKULU SELATAN,2023-05-15 15:39:14,2023-05-15 15:39:14
1702,17,KABUPATEN REJANG LEBONG,2023-05-15 15:39:14,2023-05-15 15:39:14
1703,17,KABUPATEN BENGKULU UTARA,2023-05-15 15:39:14,2023-05-15 15:39:14
1704,17,KABUPATEN KAUR,2023-05-15 15:39:14,2023-05-15 15:39:14
1705,17,KABUPATEN SELUMA,2023-05-15 15:39:14,2023-05-15 15:39:14
1706,17,KABUPATEN MUKOMUKO,2023-05-15 15:39:14,2023-05-15 15:39:14
1707,17,KABUPATEN LEBONG,2023-05-15 15:39:14,2023-05-15 15:39:14
1708,17,KABUPATEN KEPAHIANG,2023-05-15 15:39:14,2023-05-15 15:39:14
1709,17,KABUPATEN BENGKULU TENGAH,2023-05-15 15:39:14,2023-05-15 15:39:14
1771,17,KOTA BENGKULU,2023-05-15 15:39:14,2023-05-15 15:39:14
1801,18,KABUPATEN LAMPUNG BARAT,2023-05-15 15:39:14,2023-05-15 15:39:14
1802,18,KABUPATEN TANGGAMUS,2023-05-15 15:39:14,2023-05-15 15:39:14
1803,18,KABUPATEN LAMPUNG SELATAN,2023-05-15 15:39:14,2023-05-15 15:39:14
1804,18,KABUPATEN LAMPUNG TIMUR,2023-05-15 15:39:14,2023-05-15 15:39:14
1805,18,KABUPATEN LAMPUNG TENGAH,2023-05-15 15:39:14,2023-05-15 15:39:14
1806,18,KABUPATEN LAMPUNG UTARA,2023-05-15 15:39:14,2023-05-15 15:39:14
1807,18,KABUPATEN WAY KANAN,2023-05-15 15:39:14,2023-05-15 15:39:14
1808,18,KABUPATEN TULANGBAWANG,2023-05-15 15:39:14,2023-05-15 15:39:14
1809,18,KABUPATEN PESAWARAN,2023-05-15 15:39:14,2023-05-15 15:39:14
1810,18,KABUPATEN PRINGSEWU,2023-05-15 15:39:14,2023-05-15 15:39:14
1811,18,KABUPATEN MESUJI,2023-05-15 15:39:14,2023-05-15 15:39:14
1812,18,KABUPATEN TULANG BAWANG BARAT,2023-05-15 15:39:14,2023-05-15 15:39:14
1813,18,KABUPATEN PESISIR BARAT,2023-05-15 15:39:14,2023-05-15 15:39:14
1871,18,KOTA BANDAR LAMPUNG,2023-05-15 15:39:14,2023-05-15 15:39:14
1872,18,KOTA METRO,2023-05-15 15:39:14,2023-05-15 15:39:14
1901,19,KABUPATEN BANGKA,2023-05-15 15:39:14,2023-05-15 15:39:14
1902,19,KABUPATEN BELITUNG,2023-05-15 15:39:14,2023-05-15 15:39:14
1903,19,KABUPATEN BANGKA BARAT,2023-05-15 15:39:14,2023-05-15 15:39:14
1904,19,KABUPATEN BANGKA TENGAH,2023-05-15 15:39:14,2023-05-15 15:39:14
1905,19,KABUPATEN BANGKA SELATAN,2023-05-15 15:39:14,2023-05-15 15:39:14
1906,19,KABUPATEN BELITUNG TIMUR,2023-05-15 15:39:14,2023-05-15 15:39:14
1971,19,KOTA PANGKAL PINANG,2023-05-15 15:39:14,2023-05-15 15:39:14
2101,21,KABUPATEN KARIMUN,2023-05-15 15:39:14,2023-05-15 15:39:14
2102,21,KABUPATEN BINTAN,2023-05-15 15:39:14,2023-05-15 15:39:14
2103,21,KABUPATEN NATUNA,2023-05-15 15:39:14,2023-05-15 15:39:14
2104,21,KABUPATEN LINGGA,2023-05-15 15:39:14,2023-05-15 15:39:14
2105,21,KABUPATEN KEPULAUAN ANAMBAS,2023-05-15 15:39:14,2023-05-15 15:39:14
2171,21,KOTA B A T A M,2023-05-15 15:39:14,2023-05-15 15:39:14
2172,21,KOTA TANJUNG PINANG,2023-05-15 15:39:14,2023-05-15 15:39:14
3101,31,KABUPATEN KEPULAUAN SERIBU,2023-05-15 15:39:14,2023-05-15 15:39:14
3171,31,KOTA JAKARTA SELATAN,2023-05-15 15:39:14,2023-05-15 15:39:14
3172,31,KOTA JAKARTA TIMUR,2023-05-15 15:39:14,2023-05-15 15:39:14
3173,31,KOTA JAKARTA PUSAT,2023-05-15 15:39:14,2023-05-15 15:39:14
3174,31,KOTA JAKARTA BARAT,2023-05-15 15:39:14,2023-05-15 15:39:14
3175,31,KOTA JAKARTA UTARA,2023-05-15 15:39:14,2023-05-15 15:39:14
3201,32,KABUPATEN BOGOR,2023-05-15 15:39:14,2023-05-15 15:39:14
3202,32,KABUPATEN SUKABUMI,2023-05-15 15:39:14,2023-05-15 15:39:14
3203,32,KABUPATEN CIANJUR,2023-05-15 15:39:14,2023-05-15 15:39:14
3204,32,KABUPATEN BANDUNG,2023-05-15 15:39:14,2023-05-15 15:39:14
3205,32,KABUPATEN GARUT,2023-05-15 15:39:14,2023-05-15 15:39:14
3206,32,KABUPATEN TASIKMALAYA,2023-05-15 15:39:14,2023-05-15 15:39:14
3207,32,KABUPATEN CIAMIS,2023-05-15 15:39:14,2023-05-15 15:39:14
3208,32,KABUPATEN KUNINGAN,2023-05-15 15:39:14,2023-05-15 15:39:14
3209,32,KABUPATEN CIREBON,2023-05-15 15:39:14,2023-05-15 15:39:14
3210,32,KABUPATEN MAJALENGKA,2023-05-15 15:39:14,2023-05-15 15:39:14
3211,32,KABUPATEN SUMEDANG,2023-05-15 15:39:14,2023-05-15 15:39:14
3212,32,KABUPATEN INDRAMAYU,2023-05-15 15:39:14,2023-05-15 15:39:14
3213,32,KABUPATEN SUBANG,2023-05-15 15:39:14,2023-05-15 15:39:14
3214,32,KABUPATEN PURWAKARTA,2023-05-15 15:39:14,2023-05-15 15:39:14
3215,32,KABUPATEN KARAWANG,2023-05-15 15:39:14,2023-05-15 15:39:14
3216,32,KABUPATEN BEKASI,2023-05-15 15:39:14,2023-05-15 15:39:14
3217,32,KABUPATEN BANDUNG BARAT,2023-05-15 15:39:14,2023-05-15 15:39:14
3218,32,KABUPATEN PANGANDARAN,2023-05-15 15:39:14,2023-05-15 15:39:14
3271,32,KOTA BOGOR,2023-05-15 15:39:14,2023-05-15 15:39:14
3272,32,KOTA SUKABUMI,2023-05-15 15:39:14,2023-05-15 15:39:14
3273,32,KOTA BANDUNG,2023-05-15 15:39:14,2023-05-15 15:39:14
3274,32,KOTA CIREBON,2023-05-15 15:39:14,2023-05-15 15:39:14
3275,32,KOTA BEKASI,2023-05-15 15:39:14,2023-05-15 15:39:14
3276,32,KOTA DEPOK,2023-05-15 15:39:14,2023-05-15 15:39:14
3277,32,KOTA CIMAHI,2023-05-15 15:39:14,2023-05-15 15:39:14
3278,32,KOTA TASIKMALAYA,2023-05-15 15:39:14,2023-05-15 15:39:14
3279,32,KOTA BANJAR,2023-05-15 15:39:14,2023-05-15 15:39:14
3301,33,KABUPATEN CILACAP,2023-05-15 15:39:14,2023-05-15 15:39:14
3302,33,KABUPATEN BANYUMAS,2023-05-15 15:39:14,2023-05-15 15:39:14
3303,33,KABUPATEN PURBALINGGA,2023-05-15 15:39:14,2023-05-15 15:39:14
3304,33,KABUPATEN BANJARNEGARA,2023-05-15 15:39:14,2023-05-15 15:39:14
3305,33,KABUPATEN KEBUMEN,2023-05-15 15:39:14,2023-05-15 15:39:14
3306,33,KABUPATEN PURWOREJO,2023-05-15 15:39:14,2023-05-15 15:39:14
3307,33,KABUPATEN WONOSOBO,2023-05-15 15:39:14,2023-05-15 15:39:14
3308,33,KABUPATEN MAGELANG,2023-05-15 15:39:14,2023-05-15 15:39:14
3309,33,KABUPATEN BOYOLALI,2023-05-15 15:39:14,2023-05-15 15:39:14
3310,33,KABUPATEN KLATEN,2023-05-15 15:39:14,2023-05-15 15:39:14
3311,33,KABUPATEN SUKOHARJO,2023-05-15 15:39:14,2023-05-15 15:39:14
3312,33,KABUPATEN WONOGIRI,2023-05-15 15:39:14,2023-05-15 15:39:14
3313,33,KABUPATEN KARANGANYAR,2023-05-15 15:39:14,2023-05-15 15:39:14
3314,33,KABUPATEN SRAGEN,2023-05-15 15:39:14,2023-05-15 15:39:14
3315,33,KABUPATEN GROBOGAN,2023-05-15 15:39:14,2023-05-15 15:39:14
3316,33,KABUPATEN BLORA,2023-05-15 15:39:14,2023-05-15 15:39:14
3317,33,KABUPATEN REMBANG,2023-05-15 15:39:14,2023-05-15 15:39:14
3318,33,KABUPATEN PATI,2023-05-15 15:39:14,2023-05-15 15:39:14
3319,33,KABUPATEN KUDUS,2023-05-15 15:39:14,2023-05-15 15:39:14
3320,33,KABUPATEN JEPARA,2023-05-15 15:39:14,2023-05-15 15:39:14
3321,33,KABUPATEN DEMAK,2023-05-15 15:39:14,2023-05-15 15:39:14
3322,33,KABUPATEN SEMARANG,2023-05-15 15:39:14,2023-05-15 15:39:14
3323,33,KABUPATEN TEMANGGUNG,2023-05-15 15:39:14,2023-05-15 15:39:14
3324,33,KABUPATEN KENDAL,2023-05-15 15:39:14,2023-05-15 15:39:14
3325,33,KABUPATEN BATANG,2023-05-15 15:39:14,2023-05-15 15:39:14
3326,33,KABUPATEN PEKALONGAN,2023-05-15 15:39:14,2023-05-15 15:39:14
3327,33,KABUPATEN PEMALANG,2023-05-15 15:39:14,2023-05-15 15:39:14
3328,33,KABUPATEN TEGAL,2023-05-15 15:39:14,2023-05-15 15:39:14
3329,33,KABUPATEN BREBES,2023-05-15 15:39:14,2023-05-15 15:39:14
3371,33,KOTA MAGELANG,2023-05-15 15:39:14,2023-05-15 15:39:14
3372,33,KOTA SURAKARTA,2023-05-15 15:39:14,2023-05-15 15:39:14
3373,33,KOTA SALATIGA,2023-05-15 15:39:14,2023-05-15 15:39:14
3374,33,KOTA SEMARANG,2023-05-15 15:39:14,2023-05-15 15:39:14
3375,33,KOTA PEKALONGAN,2023-05-15 15:39:14,2023-05-15 15:39:14
3376,33,KOTA TEGAL,2023-05-15 15:39:14,2023-05-15 15:39:14
3401,34,KABUPATEN KULON PROGO,2023-05-15 15:39:14,2023-05-15 15:39:14
3402,34,KABUPATEN BANTUL,2023-05-15 15:39:14,2023-05-15 15:39:14
3403,34,KABUPATEN GUNUNG KIDUL,2023-05-15 15:39:14,2023-05-15 15:39:14
3404,34,KABUPATEN SLEMAN,2023-05-15 15:39:14,2023-05-15 15:39:14
3471,34,KOTA YOGYAKARTA,2023-05-15 15:39:14,2023-05-15 15:39:14
3501,35,KABUPATEN PACITAN,2023-05-15 15:39:14,2023-05-15 15:39:14
3502,35,KABUPATEN PONOROGO,2023-05-15 15:39:14,2023-05-15 15:39:14
3503,35,KABUPATEN TRENGGALEK,2023-05-15 15:39:14,2023-05-15 15:39:14
3504,35,KABUPATEN TULUNGAGUNG,2023-05-15 15:39:14,2023-05-15 15:39:14
3505,35,KABUPATEN BLITAR,2023-05-15 15:39:14,2023-05-15 15:39:14
3506,35,KABUPATEN KEDIRI,2023-05-15 15:39:14,2023-05-15 15:39:14
3507,35,KABUPATEN MALANG,2023-05-15 15:39:14,2023-05-15 15:39:14
3508,35,KABUPATEN LUMAJANG,2023-05-15 15:39:14,2023-05-15 15:39:14
3509,35,KABUPATEN JEMBER,2023-05-15 15:39:14,2023-05-15 15:39:14
3510,35,KABUPATEN BANYUWANGI,2023-05-15 15:39:14,2023-05-15 15:39:14
3511,35,KABUPATEN BONDOWOSO,2023-05-15 15:39:14,2023-05-15 15:39:14
3512,35,KABUPATEN SITUBONDO,2023-05-15 15:39:14,2023-05-15 15:39:14
3513,35,KABUPATEN PROBOLINGGO,2023-05-15 15:39:14,2023-05-15 15:39:14
3514,35,KABUPATEN PASURUAN,2023-05-15 15:39:14,2023-05-15 15:39:14
3515,35,KABUPATEN SIDOARJO,2023-05-15 15:39:14,2023-05-15 15:39:14
3516,35,KABUPATEN MOJOKERTO,2023-05-15 15:39:14,2023-05-15 15:39:14
3517,35,KABUPATEN JOMBANG,2023-05-15 15:39:14,2023-05-15 15:39:14
3518,35,KABUPATEN NGANJUK,2023-05-15 15:39:14,2023-05-15 15:39:14
3519,35,KABUPATEN MADIUN,2023-05-15 15:39:14,2023-05-15 15:39:14
3520,35,KABUPATEN MAGETAN,2023-05-15 15:39:14,2023-05-15 15:39:14
3521,35,KABUPATEN NGAWI,2023-05-15 15:39:14,2023-05-15 15:39:14
3522,35,KABUPATEN BOJONEGORO,2023-05-15 15:39:14,2023-05-15 15:39:14
3523,35,KABUPATEN TUBAN,2023-05-15 15:39:14,2023-05-15 15:39:14
3524,35,KABUPATEN LAMONGAN,2023-05-15 15:39:14,2023-05-15 15:39:14
3525,35,KABUPATEN GRESIK,2023-05-15 15:39:14,2023-05-15 15:39:14
3526,35,KABUPATEN BANGKALAN,2023-05-15 15:39:14,2023-05-15 15:39:14
3527,35,KABUPATEN SAMPANG,2023-05-15 15:39:14,2023-05-15 15:39:14
3528,35,KABUPATEN PAMEKASAN,2023-05-15 15:39:14,2023-05-15 15:39:14
3529,35,KABUPATEN SUMENEP,2023-05-15 15:39:14,2023-05-15 15:39:14
3571,35,KOTA KEDIRI,2023-05-15 15:39:14,2023-05-15 15:39:14
3572,35,KOTA BLITAR,2023-05-15 15:39:14,2023-05-15 15:39:14
3573,35,KOTA MALANG,2023-05-15 15:39:14,2023-05-15 15:39:14
3574,35,KOTA PROBOLINGGO,2023-05-15 15:39:14,2023-05-15 15:39:14
3575,35,KOTA PASURUAN,2023-05-15 15:39:14,2023-05-15 15:39:14
3576,35,KOTA MOJOKERTO,2023-05-15 15:39:14,2023-05-15 15:39:14
3577,35,KOTA MADIUN,2023-05-15 15:39:14,2023-05-15 15:39:14
3578,35,KOTA SURABAYA,2023-05-15 15:39:14,2023-05-15 15:39:14
3579,35,KOTA BATU,2023-05-15 15:39:14,2023-05-15 15:39:14
3601,36,KABUPATEN PANDEGLANG,2023-05-15 15:39:14,2023-05-15 15:39:14
3602,36,KABUPATEN LEBAK,2023-05-15 15:39:14,2023-05-15 15:39:14
3603,36,KABUPATEN TANGERANG,2023-05-15 15:39:14,2023-05-15 15:39:14
3604,36,KABUPATEN SERANG,2023-05-15 15:39:14,2023-05-15 15:39:14
3671,36,KOTA TANGERANG,2023-05-15 15:39:14,2023-05-15 15:39:14
3672,36,KOTA CILEGON,2023-05-15 15:39:14,2023-05-15 15:39:14
3673,36,KOTA SERANG,2023-05-15 15:39:14,2023-05-15 15:39:14
3674,36,KOTA TANGERANG SELATAN,2023-05-15 15:39:14,2023-05-15 15:39:14
5101,51,KABUPATEN JEMBRANA,2023-05-15 15:39:14,2023-05-15 15:39:14
5102,51,KABUPATEN TABANAN,2023-05-15 15:39:14,2023-05-15 15:39:14
5103,51,KABUPATEN BADUNG,2023-05-15 15:39:14,2023-05-15 15:39:14
5104,51,KABUPATEN GIANYAR,2023-05-15 15:39:14,2023-05-15 15:39:14
5105,51,KABUPATEN KLUNGKUNG,2023-05-15 15:39:14,2023-05-15 15:39:14
5106,51,KABUPATEN BANGLI,2023-05-15 15:39:14,2023-05-15 15:39:14
5107,51,KABUPATEN KARANG ASEM,2023-05-15 15:39:14,2023-05-15 15:39:14
5108,51,KABUPATEN BULELENG,2023-05-15 15:39:14,2023-05-15 15:39:14
5171,51,KOTA DENPASAR,2023-05-15 15:39:14,2023-05-15 15:39:14
5201,52,KABUPATEN LOMBOK BARAT,2023-05-15 15:39:14,2023-05-15 15:39:14
5202,52,KABUPATEN LOMBOK TENGAH,2023-05-15 15:39:14,2023-05-15 15:39:14
5203,52,KABUPATEN LOMBOK TIMUR,2023-05-15 15:39:14,2023-05-15 15:39:14
5204,52,KABUPATEN SUMBAWA,2023-05-15 15:39:14,2023-05-15 15:39:14
5205,52,KABUPATEN DOMPU,2023-05-15 15:39:14,2023-05-15 15:39:14
5206,52,KABUPATEN BIMA,2023-05-15 15:39:14,2023-05-15 15:39:14
5207,52,KABUPATEN SUMBAWA BARAT,2023-05-15 15:39:14,2023-05-15 15:39:14
5208,52,KABUPATEN LOMBOK UTARA,2023-05-15 15:39:14,2023-05-15 15:39:14
5271,52,KOTA MATARAM,2023-05-15 15:39:14,2023-05-15 15:39:14
5272,52,KOTA BIMA,2023-05-15 15:39:14,2023-05-15 15:39:14
5301,53,KABUPATEN SUMBA BARAT,2023-05-15 15:39:14,2023-05-15 15:39:14
5302,53,KABUPATEN SUMBA TIMUR,2023-05-15 15:39:14,2023-05-15 15:39:14
5303,53,KABUPATEN KUPANG,2023-05-15 15:39:14,2023-05-15 15:39:14
5304,53,KABUPATEN TIMOR TENGAH SELATAN,2023-05-15 15:39:14,2023-05-15 15:39:14
5305,53,KABUPATEN TIMOR TENGAH UTARA,2023-05-15 15:39:14,2023-05-15 15:39:14
5306,53,KABUPATEN BELU,2023-05-15 15:39:14,2023-05-15 15:39:14
5307,53,KABUPATEN ALOR,2023-05-15 15:39:14,2023-05-15 15:39:14
5308,53,KABUPATEN LEMBATA,2023-05-15 15:39:14,2023-05-15 15:39:14
5309,53,KABUPATEN FLORES TIMUR,2023-05-15 15:39:14,2023-05-15 15:39:14
5310,53,KABUPATEN SIKKA,2023-05-15 15:39:14,2023-05-15 15:39:14
5311,53,KABUPATEN ENDE,2023-05-15 15:39:14,2023-05-15 15:39:14
5312,53,KABUPATEN NGADA,2023-05-15 15:39:14,2023-05-15 15:39:14
5313,53,KABUPATEN MANGGARAI,2023-05-15 15:39:14,2023-05-15 15:39:14
5314,53,KABUPATEN ROTE NDAO,2023-05-15 15:39:14,2023-05-15 15:39:14
5315,53,KABUPATEN MANGGARAI BARAT,2023-05-15 15:39:14,2023-05-15 15:39:14
5316,53,KABUPATEN SUMBA TENGAH,2023-05-15 15:39:14,2023-05-15 15:39:14
5317,53,KABUPATEN SUMBA BARAT DAYA,2023-05-15 15:39:14,2023-05-15 15:39:14
5318,53,KABUPATEN NAGEKEO,2023-05-15 15:39:14,2023-05-15 15:39:14
5319,53,KABUPATEN MANGGARAI TIMUR,2023-05-15 15:39:14,2023-05-15 15:39:14
5320,53,KABUPATEN SABU RAIJUA,2023-05-15 15:39:14,2023-05-15 15:39:14
5321,53,KABUPATEN MALAKA,2023-05-15 15:39:14,2023-05-15 15:39:14
5371,53,KOTA KUPANG,2023-05-15 15:39:14,2023-05-15 15:39:14
6101,61,KABUPATEN SAMBAS,2023-05-15 15:39:14,2023-05-15 15:39:14
6102,61,KABUPATEN BENGKAYANG,2023-05-15 15:39:14,2023-05-15 15:39:14
6103,61,KABUPATEN LANDAK,2023-05-15 15:39:14,2023-05-15 15:39:14
6104,61,KABUPATEN MEMPAWAH,2023-05-15 15:39:14,2023-05-15 15:39:14
6105,61,KABUPATEN SANGGAU,2023-05-15 15:39:14,2023-05-15 15:39:14
6106,61,KABUPATEN KETAPANG,2023-05-15 15:39:14,2023-05-15 15:39:14
6107,61,KABUPATEN SINTANG,2023-05-15 15:39:14,2023-05-15 15:39:14
6108,61,KABUPATEN KAPUAS HULU,2023-05-15 15:39:14,2023-05-15 15:39:14
6109,61,KABUPATEN SEKADAU,2023-05-15 15:39:14,2023-05-15 15:39:14
6110,61,KABUPATEN MELAWI,2023-05-15 15:39:14,2023-05-15 15:39:14
6111,61,KABUPATEN KAYONG UTARA,2023-05-15 15:39:14,2023-05-15 15:39:14
6112,61,KABUPATEN KUBU RAYA,2023-05-15 15:39:14,2023-05-15 15:39:14
6171,61,KOTA PONTIANAK,2023-05-15 15:39:14,2023-05-15 15:39:14
6172,61,KOTA SINGKAWANG,2023-05-15 15:39:14,2023-05-15 15:39:14
6201,62,KABUPATEN KOTAWARINGIN BARAT,2023-05-15 15:39:14,2023-05-15 15:39:14
6202,62,KABUPATEN KOTAWARINGIN TIMUR,2023-05-15 15:39:14,2023-05-15 15:39:14
6203,62,KABUPATEN KAPUAS,2023-05-15 15:39:14,2023-05-15 15:39:14
6204,62,KABUPATEN BARITO SELATAN,2023-05-15 15:39:14,2023-05-15 15:39:14
6205,62,KABUPATEN BARITO UTARA,2023-05-15 15:39:14,2023-05-15 15:39:14
6206,62,KABUPATEN SUKAMARA,2023-05-15 15:39:14,2023-05-15 15:39:14
6207,62,KABUPATEN LAMANDAU,2023-05-15 15:39:14,2023-05-15 15:39:14
6208,62,KABUPATEN SERUYAN,2023-05-15 15:39:14,2023-05-15 15:39:14
6209,62,KABUPATEN KATINGAN,2023-05-15 15:39:14,2023-05-15 15:39:14
6210,62,KABUPATEN PULANG PISAU,2023-05-15 15:39:14,2023-05-15 15:39:14
6211,62,KABUPATEN GUNUNG MAS,2023-05-15 15:39:14,2023-05-15 15:39:14
6212,62,KABUPATEN BARITO TIMUR,2023-05-15 15:39:14,2023-05-15 15:39:14
6213,62,KABUPATEN MURUNG RAYA,2023-05-15 15:39:14,2023-05-15 15:39:14
6271,62,KOTA PALANGKA RAYA,2023-05-15 15:39:14,2023-05-15 15:39:14
6301,63,KABUPATEN TANAH LAUT,2023-05-15 15:39:14,2023-05-15 15:39:14
6302,63,KABUPATEN KOTA BARU,2023-05-15 15:39:14,2023-05-15 15:39:14
6303,63,KABUPATEN BANJAR,2023-05-15 15:39:14,2023-05-15 15:39:14
6304,63,KABUPATEN BARITO KUALA,2023-05-15 15:39:14,2023-05-15 15:39:14
6305,63,KABUPATEN TAPIN,2023-05-15 15:39:14,2023-05-15 15:39:14
6306,63,KABUPATEN HULU SUNGAI SELATAN,2023-05-15 15:39:14,2023-05-15 15:39:14
6307,63,KABUPATEN HULU SUNGAI TENGAH,2023-05-15 15:39:14,2023-05-15 15:39:14
6308,63,KABUPATEN HULU SUNGAI UTARA,2023-05-15 15:39:14,2023-05-15 15:39:14
6309,63,KABUPATEN TABALONG,2023-05-15 15:39:14,2023-05-15 15:39:14
6310,63,KABUPATEN TANAH BUMBU,2023-05-15 15:39:14,2023-05-15 15:39:14
6311,63,KABUPATEN BALANGAN,2023-05-15 15:39:14,2023-05-15 15:39:14
6371,63,KOTA BANJARMASIN,2023-05-15 15:39:14,2023-05-15 15:39:14
6372,63,KOTA BANJAR BARU,2023-05-15 15:39:14,2023-05-15 15:39:14
6401,64,KABUPATEN PASER,2023-05-15 15:39:14,2023-05-15 15:39:14
6402,64,KABUPATEN KUTAI BARAT,2023-05-15 15:39:14,2023-05-15 15:39:14
6403,64,KABUPATEN KUTAI KARTANEGARA,2023-05-15 15:39:14,2023-05-15 15:39:14
6404,64,KABUPATEN KUTAI TIMUR,2023-05-15 15:39:14,2023-05-15 15:39:14
6405,64,KABUPATEN BERAU,2023-05-15 15:39:14,2023-05-15 15:39:14
6409,64,KABUPATEN PENAJAM PASER UTARA,2023-05-15 15:39:14,2023-05-15 15:39:14
6411,64,KABUPATEN MAHAKAM HULU,2023-05-15 15:39:14,2023-05-15 15:39:14
6471,64,KOTA BALIKPAPAN,2023-05-15 15:39:14,2023-05-15 15:39:14
6472,64,KOTA SAMARINDA,2023-05-15 15:39:14,2023-05-15 15:39:14
6474,64,KOTA BONTANG,2023-05-15 15:39:14,2023-05-15 15:39:14
6501,65,KABUPATEN MALINAU,2023-05-15 15:39:14,2023-05-15 15:39:14
6502,65,KABUPATEN BULUNGAN,2023-05-15 15:39:14,2023-05-15 15:39:14
6503,65,KABUPATEN TANA TIDUNG,2023-05-15 15:39:14,2023-05-15 15:39:14
6504,65,KABUPATEN NUNUKAN,2023-05-15 15:39:14,2023-05-15 15:39:14
6571,65,KOTA TARAKAN,2023-05-15 15:39:14,2023-05-15 15:39:14
7101,71,KABUPATEN BOLAANG MONGONDOW,2023-05-15 15:39:14,2023-05-15 15:39:14
7102,71,KABUPATEN MINAHASA,2023-05-15 15:39:14,2023-05-15 15:39:14
7103,71,KABUPATEN KEPULAUAN SANGIHE,2023-05-15 15:39:14,2023-05-15 15:39:14
7104,71,KABUPATEN KEPULAUAN TALAUD,2023-05-15 15:39:14,2023-05-15 15:39:14
7105,71,KABUPATEN MINAHASA SELATAN,2023-05-15 15:39:14,2023-05-15 15:39:14
7106,71,KABUPATEN MINAHASA UTARA,2023-05-15 15:39:14,2023-05-15 15:39:14
7107,71,KABUPATEN BOLAANG MONGONDOW UTARA,2023-05-15 15:39:14,2023-05-15 15:39:14
7108,71,KABUPATEN SIAU TAGULANDANG BIARO,2023-05-15 15:39:14,2023-05-15 15:39:14
7109,71,KABUPATEN MINAHASA TENGGARA,2023-05-15 15:39:14,2023-05-15 15:39:14
7110,71,KABUPATEN BOLAANG MONGONDOW SELATAN,2023-05-15 15:39:14,2023-05-15 15:39:14
7111,71,KABUPATEN BOLAANG MONGONDOW TIMUR,2023-05-15 15:39:14,2023-05-15 15:39:14
7171,71,KOTA MANADO,2023-05-15 15:39:14,2023-05-15 15:39:14
7172,71,KOTA BITUNG,2023-05-15 15:39:14,2023-05-15 15:39:14
7173,71,KOTA TOMOHON,2023-05-15 15:39:14,2023-05-15 15:39:14
7174,71,KOTA KOTAMOBAGU,2023-05-15 15:39:14,2023-05-15 15:39:14
7201,72,KABUPATEN BANGGAI KEPULAUAN,2023-05-15 15:39:14,2023-05-15 15:39:14
7202,72,KABUPATEN BANGGAI,2023-05-15 15:39:14,2023-05-15 15:39:14
7203,72,KABUPATEN MOROWALI,2023-05-15 15:39:14,2023-05-15 15:39:14
7204,72,KABUPATEN POSO,2023-05-15 15:39:14,2023-05-15 15:39:14
7205,72,KABUPATEN DONGGALA,2023-05-15 15:39:14,2023-05-15 15:39:14
7206,72,KABUPATEN TOLI-TOLI,2023-05-15 15:39:14,2023-05-15 15:39:14
7207,72,KABUPATEN BUOL,2023-05-15 15:39:14,2023-05-15 15:39:14
7208,72,KABUPATEN PARIGI MOUTONG,2023-05-15 15:39:14,2023-05-15 15:39:14
7209,72,KABUPATEN TOJO UNA-UNA,2023-05-15 15:39:14,2023-05-15 15:39:14
7210,72,KABUPATEN SIGI,2023-05-15 15:39:14,2023-05-15 15:39:14
7211,72,KABUPATEN BANGGAI LAUT,2023-05-15 15:39:14,2023-05-15 15:39:14
7212,72,KABUPATEN MOROWALI UTARA,2023-05-15 15:39:14,2023-05-15 15:39:14
7271,72,KOTA PALU,2023-05-15 15:39:14,2023-05-15 15:39:14
7301,73,KABUPATEN KEPULAUAN SELAYAR,2023-05-15 15:39:14,2023-05-15 15:39:14
7302,73,KABUPATEN BULUKUMBA,2023-05-15 15:39:14,2023-05-15 15:39:14
7303,73,KABUPATEN BANTAENG,2023-05-15 15:39:14,2023-05-15 15:39:14
7304,73,KABUPATEN JENEPONTO,2023-05-15 15:39:14,2023-05-15 15:39:14
7305,73,KABUPATEN TAKALAR,2023-05-15 15:39:14,2023-05-15 15:39:14
7306,73,KABUPATEN GOWA,2023-05-15 15:39:14,2023-05-15 15:39:14
7307,73,KABUPATEN SINJAI,2023-05-15 15:39:14,2023-05-15 15:39:14
7308,73,KABUPATEN MAROS,2023-05-15 15:39:14,2023-05-15 15:39:14
7309,73,KABUPATEN PANGKAJENE DAN KEPULAUAN,2023-05-15 15:39:14,2023-05-15 15:39:14
7310,73,KABUPATEN BARRU,2023-05-15 15:39:14,2023-05-15 15:39:14
7311,73,KABUPATEN BONE,2023-05-15 15:39:14,2023-05-15 15:39:14
7312,73,KABUPATEN SOPPENG,2023-05-15 15:39:14,2023-05-15 15:39:14
7313,73,KABUPATEN WAJO,2023-05-15 15:39:14,2023-05-15 15:39:14
7314,73,KABUPATEN SIDENRENG RAPPANG,2023-05-15 15:39:14,2023-05-15 15:39:14
7315,73,KABUPATEN PINRANG,2023-05-15 15:39:14,2023-05-15 15:39:14
7316,73,KABUPATEN ENREKANG,2023-05-15 15:39:14,2023-05-15 15:39:14
7317,73,KABUPATEN LUWU,2023-05-15 15:39:14,2023-05-15 15:39:14
7318,73,KABUPATEN TANA TORAJA,2023-05-15 15:39:14,2023-05-15 15:39:14
7322,73,KABUPATEN LUWU UTARA,2023-05-15 15:39:14,2023-05-15 15:39:14
7325,73,KABUPATEN LUWU TIMUR,2023-05-15 15:39:14,2023-05-15 15:39:14
7326,73,KABUPATEN TORAJA UTARA,2023-05-15 15:39:14,2023-05-15 15:39:14
7371,73,KOTA MAKASSAR,2023-05-15 15:39:14,2023-05-15 15:39:14
7372,73,KOTA PAREPARE,2023-05-15 15:39:14,2023-05-15 15:39:14
7373,73,KOTA PALOPO,2023-05-15 15:39:14,2023-05-15 15:39:14
7401,74,KABUPATEN BUTON,2023-05-15 15:39:14,2023-05-15 15:39:14
7402,74,KABUPATEN MUNA,2023-05-15 15:39:14,2023-05-15 15:39:14
7403,74,KABUPATEN KONAWE,2023-05-15 15:39:14,2023-05-15 15:39:14
7404,74,KABUPATEN KOLAKA,2023-05-15 15:39:14,2023-05-15 15:39:14
7405,74,KABUPATEN KONAWE SELATAN,2023-05-15 15:39:14,2023-05-15 15:39:14
7406,74,KABUPATEN BOMBANA,2023-05-15 15:39:14,2023-05-15 15:39:14
7407,74,KABUPATEN WAKATOBI,2023-05-15 15:39:14,2023-05-15 15:39:14
7408,74,KABUPATEN KOLAKA UTARA,2023-05-15 15:39:14,2023-05-15 15:39:14
7409,74,KABUPATEN BUTON UTARA,2023-05-15 15:39:14,2023-05-15 15:39:14
7410,74,KABUPATEN KONAWE UTARA,2023-05-15 15:39:14,2023-05-15 15:39:14
7411,74,KABUPATEN KOLAKA TIMUR,2023-05-15 15:39:14,2023-05-15 15:39:14
7412,74,KABUPATEN KONAWE KEPULAUAN,2023-05-15 15:39:14,2023-05-15 15:39:14
7413,74,KABUPATEN MUNA BARAT,2023-05-15 15:39:14,2023-05-15 15:39:14
7414,74,KABUPATEN BUTON TENGAH,2023-05-15 15:39:14,2023-05-15 15:39:14
7415,74,KABUPATEN BUTON SELATAN,2023-05-15 15:39:14,2023-05-15 15:39:14
7471,74,KOTA KENDARI,2023-05-15 15:39:14,2023-05-15 15:39:14
7472,74,KOTA BAUBAU,2023-05-15 15:39:14,2023-05-15 15:39:14
7501,75,KABUPATEN BOALEMO,2023-05-15 15:39:14,2023-05-15 15:39:14
7502,75,KABUPATEN GORONTALO,2023-05-15 15:39:14,2023-05-15 15:39:14
7503,75,KABUPATEN POHUWATO,2023-05-15 15:39:14,2023-05-15 15:39:14
7504,75,KABUPATEN BONE BOLANGO,2023-05-15 15:39:14,2023-05-15 15:39:14
7505,75,KABUPATEN GORONTALO UTARA,2023-05-15 15:39:14,2023-05-15 15:39:14
7571,75,KOTA GORONTALO,2023-05-15 15:39:14,2023-05-15 15:39:14
7601,76,KABUPATEN MAJENE,2023-05-15 15:39:14,2023-05-15 15:39:14
7602,76,KABUPATEN POLEWALI MANDAR,2023-05-15 15:39:14,2023-05-15 15:39:14
7603,76,KABUPATEN MAMASA,2023-05-15 15:39:14,2023-05-15 15:39:14
7604,76,KABUPATEN MAMUJU,2023-05-15 15:39:14,2023-05-15 15:39:14
7605,76,KABUPATEN MAMUJU UTARA,2023-05-15 15:39:14,2023-05-15 15:39:14
7606,76,KABUPATEN MAMUJU TENGAH,2023-05-15 15:39:14,2023-05-15 15:39:14
8101,81,KABUPATEN MALUKU TENGGARA BARAT,2023-05-15 15:39:14,2023-05-15 15:39:14
8102,81,KABUPATEN MALUKU TENGGARA,2023-05-15 15:39:14,2023-05-15 15:39:14
8103,81,KABUPATEN MALUKU TENGAH,2023-05-15 15:39:14,2023-05-15 15:39:14
8104,81,KABUPATEN BURU,2023-05-15 15:39:14,2023-05-15 15:39:14
8105,81,KABUPATEN KEPULAUAN ARU,2023-05-15 15:39:14,2023-05-15 15:39:14
8106,81,KABUPATEN SERAM BAGIAN BARAT,2023-05-15 15:39:14,2023-05-15 15:39:14
8107,81,KABUPATEN SERAM BAGIAN TIMUR,2023-05-15 15:39:14,2023-05-15 15:39:14
8108,81,KABUPATEN MALUKU BARAT DAYA,2023-05-15 15:39:14,2023-05-15 15:39:14
8109,81,KABUPATEN BURU SELATAN,2023-05-15 15:39:14,2023-05-15 15:39:14
8171,81,KOTA AMBON,2023-05-15 15:39:14,2023-05-15 15:39:14
8172,81,KOTA TUAL,2023-05-15 15:39:14,2023-05-15 15:39:14
8201,82,KABUPATEN HALMAHERA BARAT,2023-05-15 15:39:14,2023-05-15 15:39:14
8202,82,KABUPATEN HALMAHERA TENGAH,2023-05-15 15:39:14,2023-05-15 15:39:14
8203,82,KABUPATEN KEPULAUAN SULA,2023-05-15 15:39:14,2023-05-15 15:39:14
8204,82,KABUPATEN HALMAHERA SELATAN,2023-05-15 15:39:14,2023-05-15 15:39:14
8205,82,KABUPATEN HALMAHERA UTARA,2023-05-15 15:39:14,2023-05-15 15:39:14
8206,82,KABUPATEN HALMAHERA TIMUR,2023-05-15 15:39:14,2023-05-15 15:39:14
8207,82,KABUPATEN PULAU MOROTAI,2023-05-15 15:39:14,2023-05-15 15:39:14
8208,82,KABUPATEN PULAU TALIABU,2023-05-15 15:39:14,2023-05-15 15:39:14
8271,82,KOTA TERNATE,2023-05-15 15:39:14,2023-05-15 15:39:14
8272,82,KOTA TIDORE KEPULAUAN,2023-05-15 15:39:14,2023-05-15 15:39:14
9101,91,KABUPATEN FAKFAK,2023-05-15 15:39:14,2023-05-15 15:39:14
9102,91,KABUPATEN KAIMANA,2023-05-15 15:39:14,2023-05-15 15:39:14
9103,91,KABUPATEN TELUK WONDAMA,2023-05-15 15:39:14,2023-05-15 15:39:14
9104,91,KABUPATEN TELUK BINTUNI,2023-05-15 15:39:14,2023-05-15 15:39:14
9105,91,KABUPATEN MANOKWARI,2023-05-15 15:39:14,2023-05-15 15:39:14
9106,91,KABUPATEN SORONG SELATAN,2023-05-15 15:39:14,2023-05-15 15:39:14
9107,91,KABUPATEN SORONG,2023-05-15 15:39:14,2023-05-15 15:39:14
9108,91,KABUPATEN RAJA AMPAT,2023-05-15 15:39:14,2023-05-15 15:39:14
9109,91,KABUPATEN TAMBRAUW,2023-05-15 15:39:14,2023-05-15 15:39:14
9110,91,KABUPATEN MAYBRAT,2023-05-15 15:39:14,2023-05-15 15:39:14
9111,91,KABUPATEN MANOKWARI SELATAN,2023-05-15 15:39:14,2023-05-15 15:39:14
9112,91,KABUPATEN PEGUNUNGAN ARFAK,2023-05-15 15:39:14,2023-05-15 15:39:14
9171,91,KOTA SORONG,2023-05-15 15:39:14,2023-05-15 15:39:14
9401,94,KABUPATEN MERAUKE,2023-05-15 15:39:14,2023-05-15 15:39:14
9402,94,KABUPATEN JAYAWIJAYA,2023-05-15 15:39:14,2023-05-15 15:39:14
9403,94,KABUPATEN JAYAPURA,2023-05-15 15:39:14,2023-05-15 15:39:14
9404,94,KABUPATEN NABIRE,2023-05-15 15:39:14,2023-05-15 15:39:14
9408,94,KABUPATEN KEPULAUAN YAPEN,2023-05-15 15:39:14,2023-05-15 15:39:14
9409,94,KABUPATEN BIAK NUMFOR,2023-05-15 15:39:14,2023-05-15 15:39:14
9410,94,KABUPATEN PANIAI,2023-05-15 15:39:14,2023-05-15 15:39:14
9411,94,KABUPATEN PUNCAK JAYA,2023-05-15 15:39:14,2023-05-15 15:39:14
9412,94,KABUPATEN MIMIKA,2023-05-15 15:39:14,2023-05-15 15:39:14
9413,94,KABUPATEN BOVEN DIGOEL,2023-05-15 15:39:14,2023-05-15 15:39:14
9414,94,KABUPATEN MAPPI,2023-05-15 15:39:14,2023-05-15 15:39:14
9415,94,KABUPATEN ASMAT,2023-05-15 15:39:14,2023-05-15 15:39:14
9416,94,KABUPATEN YAHUKIMO,2023-05-15 15:39:14,2023-05-15 15:39:14
9417,94,KABUPATEN PEGUNUNGAN BINTANG,2023-05-15 15:39:14,2023-05-15 15:39:14
9418,94,KABUPATEN TOLIKARA,2023-05-15 15:39:14,2023-05-15 15:39:14
9419,94,KABUPATEN SARMI,2023-05-15 15:39:14,2023-05-15 15:39:14
9420,94,KABUPATEN KEEROM,2023-05-15 15:39:14,2023-05-15 15:39:14
9426,94,KABUPATEN WAROPEN,2023-05-15 15:39:14,2023-05-15 15:39:14
9427,94,KABUPATEN SUPIORI,2023-05-15 15:39:14,2023-05-15 15:39:14
9428,94,KABUPATEN MAMBERAMO RAYA,2023-05-15 15:39:14,2023-05-15 15:39:14
9429,94,KABUPATEN NDUGA,2023-05-15 15:39:14,2023-05-15 15:39:14
9430,94,KABUPATEN LANNY JAYA,2023-05-15 15:39:14,2023-05-15 15:39:14
9431,94,KABUPATEN MAMBERAMO TENGAH,2023-05-15 15:39:14,2023-05-15 15:39:14
9432,94,KABUPATEN YALIMO,2023-05-15 15:39:14,2023-05-15 15:39:14
9433,94,KABUPATEN PUNCAK,2023-05-15 15:39:14,2023-05-15 15:39:14
9434,94,KABUPATEN DOGIYAI,2023-05-15 15:39:14,2023-05-15 15:39:14
9435,94,KABUPATEN INTAN JAYA,2023-05-15 15:39:14,2023-05-15 15:39:14
9436,94,KABUPATEN DEIYAI,2023-05-15 15:39:14,2023-05-15 15:39:14
9471,94,KOTA JAYAPURA,2023-05-15 15:39:14,2023-05-15 15:39:14
